n,filename,label,pdf_page,printed_page,image_xref,x0,y0
1,001 - Adiantion capilli-veneris.jpg,Adiantion capilli-veneris,109,,348,65.1,347.19
2,002 - Pinguiculion longifoliae.jpg,Pinguiculion longifoliae,109,,351,281.1,347.19
3,003 - Polysticho setiferi-Phyllitidion scolopendrii.jpg,Polysticho setiferi-Phyllitidion scolopendrii,109,,350,65.1,526.69
4,004 - Artemisio-Agropyrion intermedii.jpg,Artemisio-Agropyrion intermedii,110,,358,65.1,137.65
5,005 - Convolvulo arvensis-Agropyrion repentis.jpg,Convolvulo arvensis-Agropyrion repentis,110,,357,281.1,137.65
6,006 - Equiseto ramosissimi-Elytrigion campestris.jpg,Equiseto ramosissimi-Elytrigion campestris,110,,356,65.1,317.15
7,007 - Falcario vulgaris-Poion angustifoliae.jpg,Falcario vulgaris-Poion angustifoliae,110,,355,281.1,317.15
8,008 - Gageo pratensis-Allion schoenoprasi.jpg,Gageo pratensis-Allion schoenoprasi,110,,354,65.1,496.64
9,009 - Muscario racemosi-Allion vinealis.jpg,Muscario racemosi-Allion vinealis,110,,359,281.1,496.64
10,010 - Brachypodion phoenicoidis.jpg,Brachypodion phoenicoidis,111,,364,65.1,117.85
11,011 - Bromo-Oryzopsion miliaceae.jpg,Bromo-Oryzopsion miliaceae,111,,363,281.1,117.85
12,012 - Imperato cylindricae-Saccharion ravennae.jpg,Imperato cylindricae-Saccharion ravennae,111,,362,65.1,338.35
13,013 - Cnidion venosi.jpg,Cnidion venosi,112,,370,65.1,137.65
14,014 - Mentho arvensis-Eleocharition palustris.jpg,Mentho arvensis-Eleocharition palustris,112,,369,281.1,137.65
15,015 - Oenanthion fistulosae.jpg,Oenanthion fistulosae,112,,368,65.1,317.15
16,016 - Oenanthion globulosae.jpg,Oenanthion globulosae,112,,372,281.1,317.15
17,017 - Preslion cervinae.jpg,Preslion cervinae,112,,371,65.1,496.64
18,018 - Ranunculo ophioglossifolii-Oenanthion fistulosae.jpg,Ranunculo ophioglossifolii-Oenanthion fistulosae,112,,373,281.1,496.64
19,019 - Deschampsion mediae.jpg,Deschampsion mediae,113,,378,65.1,117.85
20,020 - Gaudinio fragilis-Hordeion bulbosi.jpg,Gaudinio fragilis-Hordeion bulbosi,113,,380,281.1,117.85
21,021 - Molinio arundinaceae-Holoschoenion vulgaris.jpg,Molinio arundinaceae-Holoschoenion vulgaris,113,,379,65.1,297.35
22,022 - Paspalo distichi-Polypogonion viridis.jpg,Paspalo distichi-Polypogonion viridis,113,,376,281.1,297.35
23,023 - Trifolio fragiferi-Cynodontion dactyli.jpg,Trifolio fragiferi-Cynodontion dactyli,113,,377,65.1,476.85
24,024 - Alopecurion pratensis.jpg,Alopecurion pratensis,114,,386,65.1,117.85
25,025 - Bromion racemosi.jpg,Bromion racemosi,114,,388,281.1,117.85
26,026 - Mentho longifoliae-Juncion inflexi.jpg,Mentho longifoliae-Juncion inflexi,114,,387,65.1,297.35
27,027 - Potentillion anserinae.jpg,Potentillion anserinae,114,,384,281.1,297.35
28,028 - Ranunculo repentis-Cynosurion cristati.jpg,Ranunculo repentis-Cynosurion cristati,114,,383,65.1,476.85
29,029 - Juncion gerardi.jpg,Juncion gerardi,114,,385,281.1,476.85
30,030 - Junco gerardi-Bromion racemosi.jpg,Junco gerardi-Bromion racemosi,115,,392,65.1,117.85
31,031 - Loto tenuis-Trifolion fragiferi.jpg,Loto tenuis-Trifolion fragiferi,115,,394,281.1,117.85
32,032 - Scirpoido holoschoeni-Juncion inflexi.jpg,Scirpoido holoschoeni-Juncion inflexi,115,,393,65.1,297.35
33,033 - Trifolion maritimi.jpg,Trifolion maritimi,115,,391,281.1,297.35
34,034 - Alnion glutinosae.jpg,Alnion glutinosae,116,,397,65.1,137.65
35,035 - Sphagno-Alnion glutinosae.jpg,Sphagno-Alnion glutinosae,116,,398,281.1,137.65
36,036 - Euphorbio paraliae-Ammophilion arenariae.jpg,Euphorbio paraliae-Ammophilion arenariae,117,,403,65.1,137.65
37,037 - Agropyro boreoatlantici-Minuartienion peploidis.jpg,Agropyro boreoatlantici-Minuartienion peploidis,117,,402,281.1,137.65
38,038 - Ammophilenion arenariae.jpg,Ammophilenion arenariae,117,,402,65.1,317.15
39,039 - Euphorbio paraliae-Festucenion juncifoliae.jpg,Euphorbio paraliae-Festucenion juncifoliae,117,,405,281.1,317.15
40,040 - Ammophilion australis.jpg,Ammophilion australis,117,,404,65.1,496.64
41,041 - Crucianellion maritimae.jpg,Crucianellion maritimae,118,,409,65.1,117.85
42,042 - Diantho catalaunici-Scrophularion humifusae.jpg,Diantho catalaunici-Scrophularion humifusae,118,,408,281.1,117.85
43,043 - Bartramio strictae-Polypodion serrati.jpg,Bartramio strictae-Polypodion serrati,119,,415,65.1,137.65
44,044 - Hymenophyllion tunbrigensis.jpg,Hymenophyllion tunbrigensis,119,,413,281.1,137.65
45,045 - Polypodion serrati.jpg,Polypodion serrati,119,,412,65.1,328.64
46,046 - leptophyllae.jpg,leptophyllae,119,,414,281.1,328.64
47,047 - Crithmo maritimi-Armerion maritimae.jpg,Crithmo maritimi-Armerion maritimae,120,,418,65.1,137.65
48,048 - Armerio maritimae-Asplenienion marini.jpg,Armerio maritimae-Asplenienion marini,120,,419,281.1,137.65
49,049 - Crithmo maritimi-Limonienion binervosi.jpg,Crithmo maritimi-Limonienion binervosi,120,,421,65.1,317.15
50,050 - Festucenion huonii.jpg,Festucenion huonii,120,,420,281.1,317.15
51,051 - Sileno maritimae-Festucenion pruinosae.jpg,Sileno maritimae-Festucenion pruinosae,120,,418,65.1,496.64
52,052 - Arrhenatherion elatioris.jpg,Arrhenatherion elatioris,121,,427,65.1,137.65
53,053 - Colchico autumnalis-Arrhenatherenion elatioris.jpg,Colchico autumnalis-Arrhenatherenion elatioris,121,,429,281.1,137.65
54,054 - Poo angustifoliae-Arrhenatherenion elatioris.jpg,Poo angustifoliae-Arrhenatherenion elatioris,121,,428,65.1,317.15
55,055 - Rhinantho pumili-Arrhenatherenion elatioris.jpg,Rhinantho pumili-Arrhenatherenion elatioris,121,,426,281.1,317.15
56,056 - Rumici obtusifolii-Arrhenatherenion elatioris.jpg,Rumici obtusifolii-Arrhenatherenion elatioris,121,,425,65.1,496.64
57,057 - Trifolio montani-Arrhenatherenion elatioris.jpg,Trifolio montani-Arrhenatherenion elatioris,121,,430,281.1,496.64
58,058 - « Arrhenatherenion elatioris primaire ».jpg,« Arrhenatherenion elatioris primaire »,122,,439,65.1,117.85
59,059 - Brachypodio rupestris-Centaureion nemoralis.jpg,Brachypodio rupestris-Centaureion nemoralis,122,,438,281.1,117.85
60,060 - Brachypodio rupestris-Gaudinienion fragilis.jpg,Brachypodio rupestris-Gaudinienion fragilis,122,,435,65.1,297.35
61,061 - Lino angustifolii-Oenanthenion pimpinelloidis.jpg,Lino angustifolii-Oenanthenion pimpinelloidis,122,,434,281.1,297.35
62,062 - Rumici thyrsiflori-Arrhenatherenion elatioris.jpg,Rumici thyrsiflori-Arrhenatherenion elatioris,122,,437,65.1,476.85
63,063 - Carici arenariae-Arrhenatherion elatioris.jpg,Carici arenariae-Arrhenatherion elatioris,122,,436,281.1,476.85
64,064 - Triseto flavescentis-Polygonion bistortae.jpg,Triseto flavescentis-Polygonion bistortae,123,,447,65.1,117.85
65,065 - Alchemillo monticolae-Trisetenion flavescentis.jpg,Alchemillo monticolae-Trisetenion flavescentis,123,,444,281.1,117.85
66,066 - Campanulo rhomboidalis-Trisetenion flavescentis.jpg,Campanulo rhomboidalis-Trisetenion flavescentis,123,,443,65.1,297.35
67,067 - Lathyro linifolii-Trisetenion flavescentis.jpg,Lathyro linifolii-Trisetenion flavescentis,123,,446,281.1,297.35
68,068 - Rhinantho pumili-Trisetenion flavescentis.jpg,Rhinantho pumili-Trisetenion flavescentis,123,,445,65.1,476.85
69,069 - Trollio europaei-Trisetenion flavescentis.jpg,Trollio europaei-Trisetenion flavescentis,123,,442,281.1,476.85
70,070 - Lolio perennis-Plantaginion majoris.jpg,Lolio perennis-Plantaginion majoris,124,,450,65.1,117.85
71,071 - Poion supinae.jpg,Poion supinae,124,,453,281.1,117.85
72,072 - Cynosurion cristati.jpg,Cynosurion cristati,124,,455,65.1,425.84
73,073 - Alchemillo xanthochlorae-Cynosurenion cristati.jpg,Alchemillo xanthochlorae-Cynosurenion cristati,124,,454,281.1,425.84
74,074 - Chamaemelo nobilis-Cynosurenion cristati.jpg,Chamaemelo nobilis-Cynosurenion cristati,124,,452,65.1,605.34
75,075 - Danthonio decumbentis-Cynosurenion cristati.jpg,Danthonio decumbentis-Cynosurenion cristati,124,,451,281.1,605.34
76,076 - Galio veri-Cynosurenion cristati.jpg,Galio veri-Cynosurenion cristati,125,,459,65.1,100.35
77,077 - Lolio perennis-Cynosurenion cristati.jpg,Lolio perennis-Cynosurenion cristati,125,,458,281.1,100.35
78,078 - Poion alpinae.jpg,Poion alpinae,125,,460,65.1,338.35
79,079 - Onopordion illyrici.jpg,Onopordion illyrici,126,,467,65.1,137.65
80,080 - Onopordion castellani.jpg,Onopordion castellani,126,,466,281.1,137.65
81,081 - Silybo mariani-Urticion piluliferae.jpg,Silybo mariani-Urticion piluliferae,126,,464,65.1,317.15
82,082 - Dauco carotae-Melilotion albi.jpg,Dauco carotae-Melilotion albi,126,,463,65.1,537.64
83,083 - Onopordion acanthii.jpg,Onopordion acanthii,126,,465,281.1,537.64
84,084 - Androsacion vandellii.jpg,Androsacion vandellii,127,,471,65.1,137.65
85,085 - Dianthion gratianopolitani.jpg,Dianthion gratianopolitani,127,,470,281.1,137.65
86,086 - Potentillion crassinerviae.jpg,Potentillion crassinerviae,127,,473,65.1,317.15
87,087 - Saxifragion pedemontanae.jpg,Saxifragion pedemontanae,127,,472,281.1,317.15
88,088 - Antirrhinion asarinae.jpg,Antirrhinion asarinae,127,,475,65.1,496.64
89,089 - Asplenion serpentini.jpg,Asplenion serpentini,127,,474,281.1,496.64
90,090 - Asplenio billotii-Umbilicion rupestris.jpg,Asplenio billotii-Umbilicion rupestris,128,,482,65.1,117.85
91,091 - Asplenion septentrionalis.jpg,Asplenion septentrionalis,128,,481,281.1,117.85
92,092 - Asplenion glandulosi.jpg,Asplenion glandulosi,128,,480,65.1,338.35
93,093 - Brassicion insularis.jpg,Brassicion insularis,128,,479,281.1,338.35
94,094 - Phagnalo saxatilis-Cheilanthion maderensis.jpg,Phagnalo saxatilis-Cheilanthion maderensis,128,,478,65.1,558.84
95,095 - Arenarion bertolonii.jpg,Arenarion bertolonii,129,,473,65.1,117.85
96,096 - Asplenio trichomanis-Ceterachion officinarum.jpg,Asplenio trichomanis-Ceterachion officinarum,129,,489,281.1,117.85
97,097 - Potentillion caulescentis.jpg,Potentillion caulescentis,129,,488,65.1,297.35
98,098 - Kernero saxatilis-Potentillenion caulescentis.jpg,Kernero saxatilis-Potentillenion caulescentis,129,,486,281.1,297.35
99,099 - Potentillenion caulescentis.jpg,Potentillenion caulescentis,129,,485,65.1,476.85
100,100 - Saxifragion lingulatae.jpg,Saxifragion lingulatae,129,,487,281.1,476.85
101,101 - Saxifragion mediae.jpg,Saxifragion mediae,130,,493,65.1,117.85
102,102 - Asplenio scolopendrii-Geranion robertiani.jpg,Asplenio scolopendrii-Geranion robertiani,130,,495,65.1,338.35
103,103 - Cystopteridion.jpg,Cystopteridion,130,,494,281.1,338.35
104,104 - Violo biflorae-Cystopteridion alpinae.jpg,Violo biflorae-Cystopteridion alpinae,130,,492,65.1,517.84
105,105 - Alnion viridis.jpg,Alnion viridis,131,,498,65.1,137.65
106,106 - Pruno petraeae-Sorbion aucupariae.jpg,Pruno petraeae-Sorbion aucupariae,131,,502,281.1,137.65
107,107 - Salicion helveticae.jpg,Salicion helveticae,131,,501,65.1,317.15
108,108 - Salicion pentandrae.jpg,Salicion pentandrae,131,,500,281.1,317.15
109,109 - Sorbo mougeotii-Lonicerion alpigenae.jpg,Sorbo mougeotii-Lonicerion alpigenae,131,,499,65.1,496.64
110,110 - Bidention tripartitae.jpg,Bidention tripartitae,132,,507,65.1,137.65
111,111 - Chenopodion rubri.jpg,Chenopodion rubri,132,,506,281.1,137.65
112,112 - Atriplici laciniatae-Salsolion kali.jpg,Atriplici laciniatae-Salsolion kali,133,,510,65.1,137.65
113,113 - Atriplicion littoralis.jpg,Atriplicion littoralis,133,,512,281.1,137.65
114,114 - Euphorbion peplidis.jpg,Euphorbion peplidis,133,,511,65.1,358.14
115,115 - Cisto salviifolii-Ericion cinereae.jpg,Cisto salviifolii-Ericion cinereae,134,,518,65.1,137.65
116,116 - Daboecion cantabricae.jpg,Daboecion cantabricae,134,,520,281.1,137.65
117,117 - Dactylido oceanicae-Ulicion maritimi.jpg,Dactylido oceanicae-Ulicion maritimi,134,,519,65.1,317.15
118,118 - Ulicion minoris.jpg,Ulicion minoris,134,,516,281.1,317.15
119,119 - Ulicenion minoris.jpg,Ulicenion minoris,134,,515,65.1,496.64
120,120 - Ulici minoris-Ericenion ciliaris.jpg,Ulici minoris-Ericenion ciliaris,134,,517,281.1,496.64
121,121 - Calluno vulgaris-Arctostaphylion uvae-ursi.jpg,Calluno vulgaris-Arctostaphylion uvae-ursi,135,,525,65.1,117.85
122,122 - Genistion tinctorio-germanicae.jpg,Genistion tinctorio-germanicae,135,,524,281.1,117.85
123,123 - Genisto pilosae-Vaccinion uliginosi.jpg,Genisto pilosae-Vaccinion uliginosi,135,,523,65.1,297.35
124,124 - Anisantho sterilis-Geranion purpurei.jpg,Anisantho sterilis-Geranion purpurei,136,,531,65.1,137.65
125,125 - Anthrisco caucalidis-Cochlearion danicae.jpg,Anthrisco caucalidis-Cochlearion danicae,136,,529,281.1,137.65
126,126 - Arabidopsion thalianae.jpg,Arabidopsion thalianae,136,,528,65.1,317.15
127,127 - Drabo muralis-Cardaminion hirsutae.jpg,Drabo muralis-Cardaminion hirsutae,136,,530,281.1,317.15
128,128 - Galio spurii-Asperuginion procumbentis.jpg,Galio spurii-Asperuginion procumbentis,136,,532,65.1,496.64
129,129 - Geranio pusilli-Anthriscion caucalidis.jpg,Geranio pusilli-Anthriscion caucalidis,137,,537,65.1,117.85
130,130 - Valantio muralis-Galion muralis.jpg,Valantio muralis-Galion muralis,137,,536,281.1,117.85
131,131 - Cardaminion graecae.jpg,Cardaminion graecae,137,,466,65.1,297.35
132,132 - Cotulo australis-Ranunculion parviflori.jpg,Cotulo australis-Ranunculion parviflori,137,,535,281.1,297.35
133,133 - Caricion curvulae.jpg,Caricion curvulae,138,,541,65.1,137.65
134,134 - Festucion supinae.jpg,Festucion supinae,138,,540,281.1,137.65
135,135 - Festucenion airoidis.jpg,Festucenion airoidis,138,,542,65.1,317.15
136,136 - Oreochloo blankae-Caricenion curvulae.jpg,Oreochloo blankae-Caricenion curvulae,138,,540,281.1,317.15
137,137 - Anthyllidion hermanniae.jpg,Anthyllidion hermanniae,139,,473,65.1,137.65
138,138 - Genistion salzmannii.jpg,Genistion salzmannii,139,,473,281.1,137.65
139,139 - Ericion terminalis.jpg,Ericion terminalis,140,,473,65.1,137.65
140,140 - Osmundo regalis-Myricion gale.jpg,Osmundo regalis-Myricion gale,140,,548,281.1,137.65
141,141 - Salicion aurito-arenariae.jpg,Salicion aurito-arenariae,140,,547,65.1,317.15
142,142 - Salicion cinereae.jpg,Salicion cinereae,140,,550,281.1,317.15
143,143 - Alno glutinosae-Salicion cinereae.jpg,Alno glutinosae-Salicion cinereae,140,,549,65.1,496.64
144,144 - Carpino betuli-Fagion sylvaticae.jpg,Carpino betuli-Fagion sylvaticae,141,,557,65.1,137.65
145,145 - Polysticho setiferi-Fraxinion excelsioris.jpg,Polysticho setiferi-Fraxinion excelsioris,141,,554,281.1,137.65
146,146 - Chaerophyllo hirsuti-Abietion albae.jpg,Chaerophyllo hirsuti-Abietion albae,141,,553,65.1,317.15
147,147 - Fagion sylvaticae.jpg,Fagion sylvaticae,141,,556,281.1,317.15
148,148 - Abietenion albae.jpg,Abietenion albae,141,,446,65.1,496.64
149,149 - Geranio nodosi-Fagenion sylvaticae.jpg,Geranio nodosi-Fagenion sylvaticae,141,,555,281.1,496.64
150,150 - Lonicero alpigenae-Fagenion sylvaticae.jpg,Lonicero alpigenae-Fagenion sylvaticae,142,,562,65.1,100.35
151,151 - Scillo lilio-hyacinthi-Fagenion sylvaticae.jpg,Scillo lilio-hyacinthi-Fagenion sylvaticae,142,,561,281.1,100.35
152,152 - Aceri pseudoplatani-Fagion sylvaticae.jpg,Aceri pseudoplatani-Fagion sylvaticae,142,,564,65.1,279.85
153,153 - Cephalanthero damasonii-Fagion sylvaticae.jpg,Cephalanthero damasonii-Fagion sylvaticae,142,,566,281.1,279.85
154,154 - Antherico ramosi-Fagenion sylvaticae.jpg,Antherico ramosi-Fagenion sylvaticae,142,,565,65.1,459.35
155,155 - Cephalanthero damasonii-Fagenion sylvaticae.jpg,Cephalanthero damasonii-Fagenion sylvaticae,142,,563,281.1,459.35
156,156 - Galio rotundifolii-Fagion sylvaticae.jpg,Galio rotundifolii-Fagion sylvaticae,143,,572,65.1,117.85
157,157 - Goodyero repentis-Abietion albae.jpg,Goodyero repentis-Abietion albae,143,,570,281.1,117.85
158,158 - Luzulo luzuloidis-Fagion sylvaticae.jpg,Luzulo luzuloidis-Fagion sylvaticae,143,,569,65.1,297.35
159,159 - Ilici aquifolii-Fagenion sylvaticae.jpg,Ilici aquifolii-Fagenion sylvaticae,143,,571,281.1,297.35
160,160 - Luzulo luzuloidis-Fagenion sylvaticae.jpg,Luzulo luzuloidis-Fagenion sylvaticae,143,,573,65.1,476.85
161,161 - Melico nutantis-Tilion platyphylli.jpg,Melico nutantis-Tilion platyphylli,144,,579,65.1,117.85
162,162 - Ostryo carpinifoliae-Tilion platyphylli.jpg,Ostryo carpinifoliae-Tilion platyphylli,144,,472,281.1,117.85
163,163 - Tilio pseudorubrae-Ostryion carpinifoliae.jpg,Tilio pseudorubrae-Ostryion carpinifoliae,144,,472,65.1,297.35
164,164 - Deschampsio flexuosae-Acerion pseudoplatani.jpg,Deschampsio flexuosae-Acerion pseudoplatani,144,,577,281.1,297.35
165,165 - Dryopterido affinis-Fraxinion excelsioris.jpg,Dryopterido affinis-Fraxinion excelsioris,144,,576,65.1,476.85
166,166 - Tilio platyphylli-Acerion pseudoplatani.jpg,Tilio platyphylli-Acerion pseudoplatani,144,,578,281.1,476.85
167,167 - Alnion incanae.jpg,Alnion incanae,145,,583,65.1,117.85
168,168 - Ulmion minoris.jpg,Ulmion minoris,145,,582,281.1,117.85
169,169 - Fraxinion angustifoliae.jpg,Fraxinion angustifoliae,145,,585,65.1,297.35
170,170 - Osmundo regalis-Alnion glutinosae.jpg,Osmundo regalis-Alnion glutinosae,145,,584,281.1,297.35
171,171 - Hyperico hircini-Alnenion glutinosae.jpg,Hyperico hircini-Alnenion glutinosae,145,,473,65.1,476.85
172,172 - Struthioptero spicant-Alnenion glutinosae.jpg,Struthioptero spicant-Alnenion glutinosae,145,,473,281.1,476.85
173,173 - Osmundo regalis-Alnenion glutinosae.jpg,Osmundo regalis-Alnenion glutinosae,146,,591,65.1,100.35
174,174 - Populion albae.jpg,Populion albae,146,,590,281.1,100.35
175,175 - Buxo sempervirentis-Fraxinion angustifoliae.jpg,Buxo sempervirentis-Fraxinion angustifoliae,146,,593,65.1,338.35
176,176 - Frangulo dodonei-Quercion roboris.jpg,Frangulo dodonei-Quercion roboris,146,,592,281.1,338.35
177,177 - Fraxino excelsioris-Quercion roboris.jpg,Fraxino excelsioris-Quercion roboris,146,,589,65.1,517.84
178,178 - Hyacinthoido non-scriptae-Quercenion roboris.jpg,Hyacinthoido non-scriptae-Quercenion roboris,146,,588,281.1,517.84
179,179 - Polygono bistortae-Quercenion roboris.jpg,Polygono bistortae-Quercenion roboris,147,,597,65.1,94.35
180,180 - Pulmonario affinis-Quercenion roboris.jpg,Pulmonario affinis-Quercenion roboris,147,,596,281.1,94.35
181,181 - Pulmonario longifoliae-Quercenion roboris.jpg,Pulmonario longifoliae-Quercenion roboris,147,,599,65.1,273.85
182,182 - Scillo bifoliae-Quercenion roboris.jpg,Scillo bifoliae-Quercenion roboris,147,,598,281.1,273.85
183,183 - pseudoacaciae.jpg,pseudoacaciae,147,,600,70.85,505.84
184,184 - Ligustro vulgaris-Betulion pubescentis.jpg,Ligustro vulgaris-Betulion pubescentis,148,,604,65.1,117.85
185,185 - Sorbo aucupariae-Betulion pendulae.jpg,Sorbo aucupariae-Betulion pendulae,148,,603,281.1,117.85
186,186 - Charion canescentis.jpg,Charion canescentis,149,,608,65.1,137.65
187,187 - Charion intermediae.jpg,Charion intermediae,149,,607,65.1,340.64
188,188 - Charion vulgaris.jpg,Charion vulgaris,149,,610,281.1,340.64
189,189 - Nitellion flexilis.jpg,Nitellion flexilis,149,,609,65.1,543.64
190,190 - Cistion ladaniferi.jpg,Cistion ladaniferi,150,,614,65.1,137.65
191,191 - Cistion laurifolii.jpg,Cistion laurifolii,150,,613,281.1,137.65
192,192 - Teucrion mari.jpg,Teucrion mari,150,,473,65.1,317.15
193,193 - Crithmo maritimi-Staticion.jpg,Crithmo maritimi-Staticion,151,,618,65.1,137.65
194,194 - Crithmo maritimi-Limonion articulati.jpg,Crithmo maritimi-Limonion articulati,151,,473,281.1,137.65
195,195 - Spergularion macrorhizae.jpg,Spergularion macrorhizae,151,,617,65.1,317.15
196,196 - Cytision oromediterranei.jpg,Cytision oromediterranei,152,,622,65.1,137.65
197,197 - Sarothamnion scoparii.jpg,Sarothamnion scoparii,152,,625,281.1,137.65
198,198 - Ulici europaei-Cytision striati.jpg,Ulici europaei-Cytision striati,152,,624,65.1,317.15
199,199 - Frangulo alni-Pyrion cordatae.jpg,Frangulo alni-Pyrion cordatae,152,,623,281.1,317.15
200,200 - Avenion sempervirentis.jpg,Avenion sempervirentis,153,,631,65.1,137.65
201,201 - Ononidenion cristatae.jpg,Ononidenion cristatae,153,,630,281.1,137.65
202,202 - Eu-Helictotrichenion sempervirentis.jpg,Eu-Helictotrichenion sempervirentis,153,,629,65.1,317.15
203,203 - Festucion scopariae.jpg,Festucion scopariae,153,,540,281.1,317.15
204,204 - Saponarienion caespitosae.jpg,Saponarienion caespitosae,153,,540,65.1,496.64
205,205 - Eu-Festucenion scopariae.jpg,Eu-Festucenion scopariae,153,,628,281.1,496.64
206,206 - Gentiano acaulis-Primulion intricatae.jpg,Gentiano acaulis-Primulion intricatae,154,,636,65.1,117.85
207,207 - Oxytropido-Elynion myosuroidis.jpg,Oxytropido-Elynion myosuroidis,154,,638,65.1,373.34
208,208 - Eu-Oxytropido-Elynenion myosuroidis.jpg,Eu-Oxytropido-Elynenion myosuroidis,154,,637,281.1,373.34
209,209 - Festuco pumilae-Elynenion myosuroidis.jpg,Festuco pumilae-Elynenion myosuroidis,154,,635,65.1,552.84
210,210 - Caricenion firmae.jpg,Caricenion firmae,154,,634,281.1,552.84
211,211 - Salicion pyrenaicae.jpg,Salicion pyrenaicae,155,,540,65.1,94.35
212,212 - Eu-Salicenion pyrenaicae.jpg,Eu-Salicenion pyrenaicae,155,,642,281.1,94.35
213,213 - Ranunculo thorae-Seslerienion caeruleae.jpg,Ranunculo thorae-Seslerienion caeruleae,155,,641,65.1,314.85
214,214 - Primulion intricatae.jpg,Primulion intricatae,155,,643,281.1,314.85
215,215 - Eu-Primulenion intricatae.jpg,Eu-Primulenion intricatae,155,,637,65.1,494.35
216,216 - Festuco violaceae-Trifolienion thalii.jpg,Festuco violaceae-Trifolienion thalii,155,,644,281.1,494.35
217,217 - Agrostio capillaris-Seslerion caerulae.jpg,Agrostio capillaris-Seslerion caerulae,156,,652,65.1,117.85
218,218 - Anthoxantho villosi-Plantaginion brutiae.jpg,Anthoxantho villosi-Plantaginion brutiae,156,,649,281.1,117.85
219,219 - Caricion ferrugineae.jpg,Caricion ferrugineae,156,,648,65.1,297.35
220,220 - Calamagrostidenion variae.jpg,Calamagrostidenion variae,156,,651,281.1,297.35
221,221 - Eu-Caricenion ferrugineae.jpg,Eu-Caricenion ferrugineae,156,,650,65.1,476.85
222,222 - Drabo aizoidis-Seslerion caerulae.jpg,Drabo aizoidis-Seslerion caerulae,156,,647,281.1,476.85
223,223 - Seslerion caeruleae.jpg,Seslerion caeruleae,157,,655,65.1,100.35
224,224 - Atropion belladonnae.jpg,Atropion belladonnae,158,,659,65.1,137.65
225,225 - Epilobion angustifolii.jpg,Epilobion angustifolii,158,,658,281.1,137.65
226,226 - Ononido rotundifoliae-Pinion sylvestris.jpg,Ononido rotundifoliae-Pinion sylvestris,159,,663,65.1,137.65
227,227 - Ononido rotundifoliae-Pinenion sylvestris.jpg,Ononido rotundifoliae-Pinenion sylvestris,159,,663,281.1,137.65
228,228 - Cephalanthero rubrae-Pinion sylvestris.jpg,Cephalanthero rubrae-Pinion sylvestris,159,,662,65.1,340.64
229,229 - Epipactido muelleri-Pinion sylvestris.jpg,Epipactido muelleri-Pinion sylvestris,159,,664,65.1,543.64
230,230 - Erico carneae-Pinion sylvestris.jpg,Erico carneae-Pinion sylvestris,160,,667,65.1,117.85
231,231 - Erico carneae-Pinenion sylvestris.jpg,Erico carneae-Pinenion sylvestris,160,,669,281.1,117.85
232,232 - Molinio arundinaceae-Pinenion sylvestris.jpg,Molinio arundinaceae-Pinenion sylvestris,160,,668,65.1,297.35
233,233 - Centaureo stoebes-Koelerion vallesianae.jpg,Centaureo stoebes-Koelerion vallesianae,161,,673,65.1,137.65
234,234 - Festucion auquieri-marginatae.jpg,Festucion auquieri-marginatae,161,,672,281.1,137.65
235,235 - Teucrio pyrenaici-Bromion erecti.jpg,Teucrio pyrenaici-Bromion erecti,161,,540,65.1,317.15
236,236 - Xerobromion erecti.jpg,Xerobromion erecti,161,,674,281.1,317.15
237,237 - Seslerio caeruleae-Xerobromenion erecti.jpg,Seslerio caeruleae-Xerobromenion erecti,161,,676,65.1,496.64
238,238 - Xerobromenion erecti.jpg,Xerobromenion erecti,161,,675,281.1,496.64
239,239 - vomeraceae.jpg,vomeraceae,162,,684,65.1,111.85
240,240 - Bromion erecti.jpg,Bromion erecti,162,,683,281.1,111.85
241,241 - Chamaespartio sagittalis-Agrostienion tenuis.jpg,Chamaespartio sagittalis-Agrostienion tenuis,162,,681,65.1,291.35
242,242 - Mesobromenion erecti.jpg,Mesobromenion erecti,162,,680,281.1,291.35
243,243 - Gentianello amarellae-Avenulion pratensis.jpg,Gentianello amarellae-Avenulion pratensis,162,,682,65.1,470.85
244,244 - Thesio humifusi-Koelerion pyramidatae.jpg,Thesio humifusi-Koelerion pyramidatae,162,,685,281.1,470.85
245,245 - vulnerariae.jpg,vulnerariae,163,,693,65.1,111.85
246,246 - Festucenion marginatae.jpg,Festucenion marginatae,163,,690,281.1,111.85
247,247 - Seslerio caeruleae-Mesobromenion erecti.jpg,Seslerio caeruleae-Mesobromenion erecti,163,,689,65.1,291.35
248,248 - Tetragonolobo maritimi-Bromenion erecti.jpg,Tetragonolobo maritimi-Bromenion erecti,163,,692,281.1,291.35
249,249 - Teucrio montani-Bromenion erecti.jpg,Teucrio montani-Bromenion erecti,163,,691,65.1,470.85
250,250 - Diantho gratianopolitani-Melicion ciliatae.jpg,Diantho gratianopolitani-Melicion ciliatae,163,,688,281.1,470.85
251,251 - Koelerio macranthae-Phleion phleoidis.jpg,Koelerio macranthae-Phleion phleoidis,164,,700,65.1,100.35
252,252 - Festucenion longifolio-lemanii.jpg,Festucenion longifolio-lemanii,164,,697,281.1,100.35
253,253 - Koelerio macranthae-Phleenion phleoidis.jpg,Koelerio macranthae-Phleenion phleoidis,164,,696,65.1,279.85
254,254 - Stipo-Poion xerophilae.jpg,Stipo-Poion xerophilae,164,,699,65.1,500.35
255,255 - Lavandulo-Artemisienion.jpg,Lavandulo-Artemisienion,164,,698,281.1,500.35
256,256 - Stipo-Poenion perconcinnae.jpg,Stipo-Poenion perconcinnae,165,,707,65.1,94.35
257,257 - Armerion junceae.jpg,Armerion junceae,165,,706,65.1,332.35
258,258 - Armerienion girardii.jpg,Armerienion girardii,165,,703,281.1,332.35
259,259 - Astero cebennensis-Anthyllidenion montanae.jpg,Astero cebennensis-Anthyllidenion montanae,165,,705,65.1,511.84
260,260 - Astragalo incani-Festucion cinereae.jpg,Astragalo incani-Festucion cinereae,165,,704,281.1,511.84
261,261 - Genistion lobelii.jpg,Genistion lobelii,166,,711,65.1,94.35
262,262 - Genistenion lobelii.jpg,Genistenion lobelii,166,,710,281.1,94.35
263,263 - Globularienion cordifoliae.jpg,Globularienion cordifoliae,166,,714,65.1,297.35
264,264 - Lavandulo angustifoliae-Genistion cinereae.jpg,Lavandulo angustifoliae-Genistion cinereae,166,,713,281.1,297.35
265,265 - Lavandulo angustifoliae-Genistenion cinereae.jpg,Lavandulo angustifoliae-Genistenion cinereae,166,,715,65.1,476.85
266,266 - Lilio pomponii-Artemisienion albae.jpg,Lilio pomponii-Artemisienion albae,166,,712,281.1,476.85
267,267 - Calystegio sepium-Althaeion officinalis.jpg,Calystegio sepium-Althaeion officinalis,168,,722,65.1,137.65
268,268 - Convolvulion sepium.jpg,Convolvulion sepium,168,,721,281.1,137.65
269,269 - Cynancho acuti-Calystegion sepium.jpg,Cynancho acuti-Calystegion sepium,168,,725,65.1,317.15
270,270 - Achilleo ptarmicae-Cirsion palustris.jpg,Achilleo ptarmicae-Cirsion palustris,168,,724,65.1,555.14
271,271 - Thalictro flavi-Filipendulion ulmariae.jpg,Thalictro flavi-Filipendulion ulmariae,168,,723,281.1,555.14
272,272 - Dorycnio recti-Rumicion conglomerati.jpg,Dorycnio recti-Rumicion conglomerati,169,,730,65.1,94.35
273,273 - Filipendulo ulmariae-Chaerophyllion hirsuti.jpg,Filipendulo ulmariae-Chaerophyllion hirsuti,169,,729,281.1,94.35
274,274 - Petasition officinalis.jpg,Petasition officinalis,169,,728,65.1,273.85
275,275 - Aegopodion podagrariae.jpg,Aegopodion podagrariae,170,,733,65.1,137.65
276,276 - Balloto-Conion maculati.jpg,Balloto-Conion maculati,170,,738,281.1,137.65
277,277 - Geo urbani-Alliarion petiolatae.jpg,Geo urbani-Alliarion petiolatae,170,,737,65.1,317.15
278,278 - Parietario judaicae-Arion italici.jpg,Parietario judaicae-Arion italici,170,,736,281.1,317.15
279,279 - Arction lappae.jpg,Arction lappae,170,,735,65.1,496.64
280,280 - Rumicion alpini.jpg,Rumicion alpini,170,,734,281.1,496.64
281,281 - Allion triquetri.jpg,Allion triquetri,171,,742,65.1,100.35
282,282 - Smyrnion olusatri.jpg,Smyrnion olusatri,171,,741,281.1,100.35
283,283 - Impatienti noli-tangere-Stachyion sylvaticae.jpg,Impatienti noli-tangere-Stachyion sylvaticae,171,,744,65.1,320.85
284,284 - Violo rivinianae-Stellarion holosteae.jpg,Violo rivinianae-Stellarion holosteae,171,,743,281.1,320.85
285,285 - Apion nodiflori.jpg,Apion nodiflori,172,,749,65.1,137.65
286,286 - Glycerio fluitantis-Sparganion neglecti.jpg,Glycerio fluitantis-Sparganion neglecti,172,,748,281.1,137.65
287,287 - Cymodoceion nodosae.jpg,Cymodoceion nodosae,173,,742,65.1,137.65
288,288 - Vulpion ligusticae.jpg,Vulpion ligusticae,174,,754,65.1,137.65
289,289 - Helianthemion guttati.jpg,Helianthemion guttati,174,,755,281.1,137.65
290,290 - Thero-Airion.jpg,Thero-Airion,174,,757,65.1,317.15
291,291 - Laguro ovati-Vulpion fasciculatae.jpg,Laguro ovati-Vulpion fasciculatae,174,,756,65.1,537.64
292,292 - Maresio nanae-Malcolmion ramosissimae.jpg,Maresio nanae-Malcolmion ramosissimae,174,,758,281.1,537.64
293,293 - Honckenyo latifoliae-Crambion maritimae.jpg,Honckenyo latifoliae-Crambion maritimae,175,,761,65.1,137.65
294,294 - Leymion arenarii.jpg,Leymion arenarii,175,,762,281.1,137.65
295,295 - Antinorio agrostideae-Isoetion velatae.jpg,Antinorio agrostideae-Isoetion velatae,176,,765,65.1,137.65
296,296 - Ophioglosso lusitanici-Isoetion histricis.jpg,Ophioglosso lusitanici-Isoetion histricis,176,,766,281.1,137.65
297,297 - Elatino triandrae-Damasonion alismatis.jpg,Elatino triandrae-Damasonion alismatis,177,,772,65.1,137.65
298,298 - Eleocharition soloniensis.jpg,Eleocharition soloniensis,177,,771,281.1,137.65
299,299 - Heleochloion schoenoidis.jpg,Heleochloion schoenoidis,177,,770,65.1,317.15
300,300 - Agrostion salmanticae.jpg,Agrostion salmanticae,177,,617,65.1,537.64
301,301 - Centaurio pulchelli-Blackstonion perfoliatae.jpg,Centaurio pulchelli-Blackstonion perfoliatae,177,,769,281.1,537.64
302,302 - Cicendio filiformis-Solenopsion laurentiae.jpg,Cicendio filiformis-Solenopsion laurentiae,178,,742,65.1,94.35
303,303 - Cicendion filiformis.jpg,Cicendion filiformis,178,,775,281.1,94.35
304,304 - Crassulo vaillantii-Lythrion borysthenici.jpg,Crassulo vaillantii-Lythrion borysthenici,178,,779,65.1,273.85
305,305 - Nanocyperion flavescentis.jpg,Nanocyperion flavescentis,178,,778,281.1,273.85
306,306 - Radiolion linoidis.jpg,Radiolion linoidis,178,,777,65.1,476.85
307,307 - Centunculenion minimi.jpg,Centunculenion minimi,178,,776,281.1,476.85
308,308 - Radiolenion linoidis.jpg,Radiolenion linoidis,179,,782,65.1,100.35
309,309 - Agropyrion pungentis.jpg,Agropyrion pungentis,180,,785,65.1,137.65
310,310 - Brachypodio pinnati-Agropyrion pungentis.jpg,Brachypodio pinnati-Agropyrion pungentis,180,,787,281.1,137.65
311,311 - Armerion maritimae.jpg,Armerion maritimae,180,,789,65.1,358.14
312,312 - Festucenion littoralis.jpg,Festucenion littoralis,180,,789,281.1,358.14
313,313 - Frankenio laevis-Armerienion maritimae.jpg,Frankenio laevis-Armerienion maritimae,180,,788,65.1,537.64
314,314 - Limonio vulgaris-Plantaginenion maritimae.jpg,Limonio vulgaris-Plantaginenion maritimae,180,,786,281.1,537.64
315,315 - Glauco maritimae-Juncion maritimi.jpg,Glauco maritimae-Juncion maritimi,181,,796,65.1,100.35
316,316 - Puccinellio maritimae-Spergularion salinae.jpg,Puccinellio maritimae-Spergularion salinae,181,,793,281.1,100.35
317,317 - Puccinellion maritimae.jpg,Puccinellion maritimae,181,,792,65.1,303.35
318,318 - Elytrigio-Artemision coerulescentis.jpg,Elytrigio-Artemision coerulescentis,181,,795,65.1,523.84
319,319 - Juncion maritimi.jpg,Juncion maritimi,181,,794,281.1,523.84
320,320 - Plantaginion crassifoliae.jpg,Plantaginion crassifoliae,182,,404,65.1,100.35
321,321 - Deschampsio flexuosae-Pinion sylvestris.jpg,Deschampsio flexuosae-Pinion sylvestris,183,,803,65.1,137.65
322,322 - Goodyero repentis-Pinion sylvestris.jpg,Goodyero repentis-Pinion sylvestris,183,,802,281.1,137.65
323,323 - Junipero hemisphaericae-Pinion sylvestris.jpg,Junipero hemisphaericae-Pinion sylvestris,183,,804,65.1,317.15
324,324 - Euphorbio portlandicae-Helichrysion stoechadis.jpg,Euphorbio portlandicae-Helichrysion stoechadis,184,,812,65.1,137.65
325,325 - Koelerion albescentis.jpg,Koelerion albescentis,184,,811,281.1,137.65
326,326 - Corynephorion canescentis.jpg,Corynephorion canescentis,184,,808,65.1,340.64
327,327 - Sileno conicae-Cerastion semidecandri.jpg,Sileno conicae-Cerastion semidecandri,184,,807,281.1,340.64
328,328 - Armerion elongatae.jpg,Armerion elongatae,184,,809,281.1,520.14
329,329 - Festucion guestfalico-filiformis.jpg,Festucion guestfalico-filiformis,185,,816,65.1,100.35
330,330 - Armerion halleri.jpg,Armerion halleri,185,,815,281.1,100.35
331,331 - Utricularion vulgaris.jpg,Utricularion vulgaris,186,,822,65.1,137.65
332,332 - Lemnion minoris.jpg,Lemnion minoris,186,,820,281.1,137.65
333,333 - Lemno trisulcae-Salvinion natantis.jpg,Lemno trisulcae-Salvinion natantis,186,,819,65.1,317.15
334,334 - Lemno trisulcae-Riccienion fluitantis.jpg,Lemno trisulcae-Riccienion fluitantis,186,,821,281.1,317.15
335,335 - Elodo palustris-Sparganion.jpg,Elodo palustris-Sparganion,187,,827,65.1,137.65
336,336 - Lobelio dortmannae-Isoetion.jpg,Lobelio dortmannae-Isoetion,187,,828,281.1,137.65
337,337 - Samolo valerandi-Baldellion ranunculoidis.jpg,Samolo valerandi-Baldellion ranunculoidis,187,,826,65.1,317.15
338,338 - Carici nigrae-Juncion bulbosi.jpg,Carici nigrae-Juncion bulbosi,187,,473,65.1,537.64
339,339 - Eleocharition acicularis.jpg,Eleocharition acicularis,187,,825,281.1,537.64
340,340 - Littorellion uniflorae.jpg,Littorellion uniflorae,188,,831,65.1,100.35
341,341 - Arctostaphylo-Cetrarion nivalis.jpg,Arctostaphylo-Cetrarion nivalis,189,,834,65.1,137.65
342,342 - Ericion carneae.jpg,Ericion carneae,189,,838,281.1,137.65
343,343 - Loiseleurio procumbentis-Vaccinion microphylli.jpg,Loiseleurio procumbentis-Vaccinion microphylli,189,,837,65.1,317.15
344,344 - Rhododendro ferruginei-Vaccinion myrtilli.jpg,Rhododendro ferruginei-Vaccinion myrtilli,189,,836,281.1,317.15
345,345 - Juniperion nanae.jpg,Juniperion nanae,189,,835,65.1,537.64
346,346 - Lonicero periclymeni-Rubion sylvatici.jpg,Lonicero periclymeni-Rubion sylvatici,190,,843,65.1,137.65
347,347 - Rubion hirto-pedemontani.jpg,Rubion hirto-pedemontani,190,,842,281.1,137.65
348,348 - Rubion pedatifolio-questieri.jpg,Rubion pedatifolio-questieri,190,,841,65.1,317.15
349,349 - Hyparrhenion sinaico-hirtae.jpg,Hyparrhenion sinaico-hirtae,191,,363,65.1,137.65
350,350 - Phlomido lychnitidis-Brachypodion retusi.jpg,Phlomido lychnitidis-Brachypodion retusi,191,,846,65.1,358.14
351,351 - Conopodio majoris-Teucrion scorodoniae.jpg,Conopodio majoris-Teucrion scorodoniae,192,,852,65.1,137.65
352,352 - Holco mollis-Pteridion aquilini.jpg,Holco mollis-Pteridion aquilini,192,,851,281.1,137.65
353,353 - Melampyrion pratensis.jpg,Melampyrion pratensis,192,,854,65.1,317.15
354,354 - Melampyro sylvatici-Poion chaixii.jpg,Melampyro sylvatici-Poion chaixii,192,,853,281.1,317.15
355,355 - Potentillo erectae-Holcion mollis.jpg,Potentillo erectae-Holcion mollis,192,,850,65.1,496.64
356,356 - Arabidion soyeri.jpg,Arabidion soyeri,193,,857,65.1,137.65
357,357 - Caricion remotae.jpg,Caricion remotae,193,,858,281.1,137.65
358,358 - Lysimachio nemorum-Saxifragion hirsutae.jpg,Lysimachio nemorum-Saxifragion hirsutae,193,,426,65.1,317.15
359,359 - Saxifrago rotundifoliae-Violion biflorae.jpg,Saxifrago rotundifoliae-Violion biflorae,193,,860,281.1,317.15
360,360 - Wahlenbergio hederaceae-Sibthorpion europaeae.jpg,Wahlenbergio hederaceae-Sibthorpion europaeae,193,,859,65.1,496.64
361,361 - Cardamino amarae-Montion fontanae.jpg,Cardamino amarae-Montion fontanae,194,,863,65.1,117.85
362,362 - Adenostylion alliariae.jpg,Adenostylion alliariae,195,,866,65.1,137.65
363,363 - Adenostylion pyrenaicae.jpg,Adenostylion pyrenaicae,195,,867,281.1,137.65
364,364 - Arunco dioici-Petasition albi.jpg,Arunco dioici-Petasition albi,195,,869,65.1,317.15
365,365 - Calamagrostion arundinaceae.jpg,Calamagrostion arundinaceae,195,,868,281.1,317.15
366,366 - Doronicion corsici.jpg,Doronicion corsici,195,,473,65.1,496.64
367,367 - Mutellino adonidifoliae-Luzulion desvauxii.jpg,Mutellino adonidifoliae-Luzulion desvauxii,195,,870,281.1,496.64
368,368 - Agrostion schraderianae.jpg,Agrostion schraderianae,196,,644,65.1,137.65
369,369 - Avenulo sulcatae-Nardion strictae.jpg,Avenulo sulcatae-Nardion strictae,196,,873,281.1,137.65
370,370 - Campanulo barbatae-Potentillion aureae.jpg,Campanulo barbatae-Potentillion aureae,196,,875,65.1,317.15
371,371 - Carici macrostyli-Nardion strictae.jpg,Carici macrostyli-Nardion strictae,196,,540,281.1,317.15
372,372 - Festucion eskiae.jpg,Festucion eskiae,196,,867,65.1,496.64
373,373 - Festucion variae.jpg,Festucion variae,196,,874,281.1,496.64
374,374 - Galio saxatilis-Patzkeion paniculatae.jpg,Galio saxatilis-Patzkeion paniculatae,197,,881,65.1,100.35
375,375 - Galio saxatilis-Potentillion aureae.jpg,Galio saxatilis-Potentillion aureae,197,,879,281.1,100.35
376,376 - Hyperico richeri-Festucion paniculatae.jpg,Hyperico richeri-Festucion paniculatae,197,,878,65.1,279.85
377,377 - Nardo strictae-Agrostion tenuis.jpg,Nardo strictae-Agrostion tenuis,197,,880,281.1,279.85
378,378 - Euphrasio minimae-Nardion strictae.jpg,Euphrasio minimae-Nardion strictae,197,,881,65.1,459.35
379,379 - Agrostion curtisii.jpg,Agrostion curtisii,198,,885,65.1,117.85
380,380 - Danthonio decumbentis-Serapiadion linguae.jpg,Danthonio decumbentis-Serapiadion linguae,198,,887,281.1,117.85
381,381 - Galio saxatilis-Festucion filiformis.jpg,Galio saxatilis-Festucion filiformis,198,,886,65.1,297.35
382,382 - Nardo strictae-Juncion squarrosi.jpg,Nardo strictae-Juncion squarrosi,198,,884,281.1,297.35
383,383 - Violion caninae.jpg,Violion caninae,198,,888,65.1,476.85
384,384 - Caricion caryophylleae.jpg,Caricion caryophylleae,199,,473,65.1,117.85
385,385 - Sedo alpestris-Phleion brachystachyos.jpg,Sedo alpestris-Phleion brachystachyos,199,,473,281.1,117.85
386,386 - Sesamoido pygmaeae-Poion violaceae.jpg,Sesamoido pygmaeae-Poion violaceae,199,,473,65.1,297.35
387,387 - Rubo ulmifolii-Nerion oleandri.jpg,Rubo ulmifolii-Nerion oleandri,200,,572,65.1,137.65
388,388 - Tamaricion africanae.jpg,Tamaricion africanae,200,,893,65.1,340.64
389,389 - Oryzo sativae-Echinochloion oryzoidis.jpg,Oryzo sativae-Echinochloion oryzoidis,201,,896,65.1,137.65
390,390 - Ericion tetralicis.jpg,Ericion tetralicis,202,,900,65.1,137.65
391,391 - Oxycocco palustris-Ericion tetralicis.jpg,Oxycocco palustris-Ericion tetralicis,202,,902,281.1,137.65
392,392 - Sphagnion medii.jpg,Sphagnion medii,202,,901,65.1,340.64
393,393 - Polytricho communis-Eriophorenion vaginati.jpg,Polytricho communis-Eriophorenion vaginati,202,,904,281.1,340.64
394,394 - Sphagnenion magellanici.jpg,Sphagnenion magellanici,202,,903,65.1,520.14
395,395 - Asplenio billotii-Cymbalarion muralis.jpg,Asplenio billotii-Cymbalarion muralis,203,,910,65.1,137.65
396,396 - Cymbalario muralis-Asplenion rutae-murariae.jpg,Cymbalario muralis-Asplenion rutae-murariae,203,,909,281.1,137.65
397,397 - Brassicion oleraceae.jpg,Brassicion oleraceae,203,,908,65.1,317.15
398,398 - Centrantho rubri-Parietarion judaicae.jpg,Centrantho rubri-Parietarion judaicae,203,,907,281.1,317.15
399,399 - Artemision arborescentis.jpg,Artemision arborescentis,204,,372,65.1,137.65
400,400 - Beto maritimae-Malvion arboreae.jpg,Beto maritimae-Malvion arboreae,204,,913,281.1,137.65
401,401 - Medicagini citrinae-Lavaterion arboreae.jpg,Medicagini citrinae-Lavaterion arboreae,204,,914,65.1,317.15
402,402 - Bolboschoeno maritimi-Schoenoplection litoralis.jpg,Bolboschoeno maritimi-Schoenoplection litoralis,205,,921,65.1,137.65
403,403 - Scirpion maritimi.jpg,Scirpion maritimi,205,,920,281.1,137.65
404,404 - Carici pseudocyperi-Rumicion hydrolapathi.jpg,Carici pseudocyperi-Rumicion hydrolapathi,205,,919,65.1,340.64
405,405 - Caricion gracilis.jpg,Caricion gracilis,205,,918,281.1,340.64
406,406 - Magnocaricion elatae.jpg,Magnocaricion elatae,205,,917,65.1,520.14
407,407 - Eleocharito palustris-Sagittarion sagittifoliae.jpg,Eleocharito palustris-Sagittarion sagittifoliae,206,,924,65.1,117.85
408,408 - Bolboschoenion yagaro-laticarpi.jpg,Bolboschoenion yagaro-laticarpi,206,,926,281.1,117.85
409,409 - Phragmition communis.jpg,Phragmition communis,206,,925,65.1,297.35
410,410 - Poo bulbosae-Astragalion sesamei.jpg,Poo bulbosae-Astragalion sesamei,207,,929,65.1,137.65
411,411 - Trifolio subterranei-Periballion minutae.jpg,Trifolio subterranei-Periballion minutae,207,,930,281.1,137.65
412,412 - Polygono arenastri-Coronopodion squamati.jpg,Polygono arenastri-Coronopodion squamati,208,,933,65.1,137.65
413,413 - Digitario sanguinalis-Polygonion avicularis.jpg,Digitario sanguinalis-Polygonion avicularis,208,,935,65.1,340.64
414,414 - Euphorbion prostratae.jpg,Euphorbion prostratae,208,,934,281.1,340.64
415,415 - Polycarpion tetraphylli.jpg,Polycarpion tetraphylli,208,,936,65.1,520.14
416,416 - Rubo ulmifolii-Populion albae.jpg,Rubo ulmifolii-Populion albae,209,,940,65.1,137.65
417,417 - Fraxino excelsioris-Populion albae.jpg,Fraxino excelsioris-Populion albae,209,,939,65.1,340.64
418,418 - Rubo caesii-Populion nigrae.jpg,Rubo caesii-Populion nigrae,209,,941,281.1,340.64
419,419 - Posidonion oceanicae.jpg,Posidonion oceanicae,210,,944,65.1,137.65
420,420 - Batrachion fluitantis.jpg,Batrachion fluitantis,211,,951,65.1,137.65
421,421 - Potamion polygonifolii.jpg,Potamion polygonifolii,211,,950,281.1,137.65
422,422 - Ranunculion aquatilis.jpg,Ranunculion aquatilis,211,,949,65.1,317.15
423,423 - Nymphaeion albae.jpg,Nymphaeion albae,211,,948,281.1,317.15
424,424 - Potamion pusilli.jpg,Potamion pusilli,211,,947,65.1,496.64
425,425 - Zannichellion pedicellatae.jpg,Zannichellion pedicellatae,212,,956,65.1,117.85
426,426 - Eleocharition parvulae.jpg,Eleocharition parvulae,212,,955,281.1,117.85
427,427 - Ruppion maritimae.jpg,Ruppion maritimae,212,,957,65.1,297.35
428,428 - Pistacio lentisci-Pinion halepensis.jpg,Pistacio lentisci-Pinion halepensis,213,,754,65.1,137.65
429,429 - Buxo sempervirentis-Pistacion terebenthi.jpg,Buxo sempervirentis-Pistacion terebenthi,213,,962,65.1,358.14
430,430 - Ericion arboreae.jpg,Ericion arboreae,213,,961,281.1,358.14
431,431 - Juniperion turbinatae.jpg,Juniperion turbinatae,213,,960,65.1,537.64
432,432 - Oleo sylvestris-Ceratonion siliquae.jpg,Oleo sylvestris-Ceratonion siliquae,213,,511,281.1,537.64
433,433 - Rhamno lycioidis-Quercion cocciferae.jpg,Rhamno lycioidis-Quercion cocciferae,214,,969,65.1,100.35
434,434 - Fraxino orni-Quercion ilicis.jpg,Fraxino orni-Quercion ilicis,214,,966,65.1,320.85
435,435 - Genisto pilosae-Pinion pinastri.jpg,Genisto pilosae-Pinion pinastri,214,,965,281.1,320.85
436,436 - Quercion ilicis.jpg,Quercion ilicis,214,,968,65.1,500.35
437,437 - Quercenion ilicis.jpg,Quercenion ilicis,214,,967,281.1,500.35
438,438 - Quercenion suberis.jpg,Quercenion suberis,215,,973,65.1,135.35
439,439 - Querco ilicis-Pinenion maritimi.jpg,Querco ilicis-Pinenion maritimi,215,,972,281.1,135.35
440,440 - Carpinion orientalis.jpg,Carpinion orientalis,216,,532,65.1,137.65
441,441 - Campanulo mediae-Ostryenion carpinifoliae.jpg,Campanulo mediae-Ostryenion carpinifoliae,216,,472,281.1,137.65
442,442 - Laburno anagyroidis-Ostryenion carpinifoliae.jpg,Laburno anagyroidis-Ostryenion carpinifoliae,216,,472,65.1,317.15
443,443 - Lauro nobilis-Quercenion pubescentis.jpg,Lauro nobilis-Quercenion pubescentis,216,,472,281.1,317.15
444,444 - Lathyro veneti-Fraxinion orni.jpg,Lathyro veneti-Fraxinion orni,216,,473,65.1,496.64
445,445 - Buxenion sempervirentis.jpg,Buxenion sempervirentis,216,,479,281.1,496.64
446,446 - Cyclamino repandi-Fraxinenion orni.jpg,Cyclamino repandi-Fraxinenion orni,217,,473,65.1,100.35
447,447 - Avenello flexuosae-Quercion pubescentis.jpg,Avenello flexuosae-Quercion pubescentis,217,,978,65.1,320.85
448,448 - Quercion petraeae.jpg,Quercion petraeae,217,,370,281.1,320.85
449,449 - Buxo sempervirentis-Quercenion pubescentis.jpg,Buxo sempervirentis-Quercenion pubescentis,217,,980,281.1,500.35
450,450 - Carpinion betuli.jpg,Carpinion betuli,218,,984,65.1,340.35
451,451 - Carpinenion betuli.jpg,Carpinenion betuli,218,,370,281.1,340.35
452,452 - Rusco aculeati-Carpinenion betuli.jpg,Rusco aculeati-Carpinenion betuli,218,,983,65.1,519.84
453,453 - Erythronio dentis-canis-Carpinion betuli.jpg,Erythronio dentis-canis-Carpinion betuli,218,,532,281.1,519.84
454,454 - Lonicero periclymeni-Betulion pubescentis.jpg,Lonicero periclymeni-Betulion pubescentis,219,,989,65.1,137.65
455,455 - Molinio caeruleae-Quercion roboris.jpg,Molinio caeruleae-Quercion roboris,219,,988,281.1,137.65
456,456 - Agrostio capillaris-Quercion petraeae.jpg,Agrostio capillaris-Quercion petraeae,219,,993,65.1,358.14
457,457 - Hymenophyllo tunbrigensis-Quercion petraeae.jpg,Hymenophyllo tunbrigensis-Quercion petraeae,219,,991,281.1,358.14
458,458 - Hyperico montani-Quercion petraeae.jpg,Hyperico montani-Quercion petraeae,219,,990,65.1,537.64
459,459 - Quercion pyrenaicae.jpg,Quercion pyrenaicae,219,,992,281.1,537.64
460,460 - Quercenion robori-pyrenaicae.jpg,Quercenion robori-pyrenaicae,220,,998,65.1,117.85
461,461 - Sorbo torminalis-Quercenion petraea.jpg,Sorbo torminalis-Quercenion petraea,220,,1000,281.1,117.85
462,462 - Quercion roboris.jpg,Quercion roboris,220,,999,65.1,297.35
463,463 - Ilici aquifolii-Quercenion petraeae.jpg,Ilici aquifolii-Quercenion petraeae,220,,997,281.1,297.35
464,464 - Quercenion robori-petraeae.jpg,Quercenion robori-petraeae,220,,996,65.1,476.85
465,465 - Lauro nobilis-Sambucion nigrae.jpg,Lauro nobilis-Sambucion nigrae,221,,1005,65.1,137.65
466,466 - Amelanchiero ovalis-Buxion sempervirentis.jpg,Amelanchiero ovalis-Buxion sempervirentis,221,,1004,65.1,340.64
467,467 - Amelanchiero ovalis-Buxenion sempervirentis.jpg,Amelanchiero ovalis-Buxenion sempervirentis,221,,1007,281.1,340.64
468,468 - Cotoneastro integerrimi-Amelanchierenion ovalis.jpg,Cotoneastro integerrimi-Amelanchierenion ovalis,221,,1006,65.1,520.14
469,469 - Berberidion vulgaris.jpg,Berberidion vulgaris,221,,1003,281.1,520.14
470,470 - Berberido vulgaris-Juniperenion sabinae.jpg,Berberido vulgaris-Juniperenion sabinae,222,,1012,65.1,135.35
471,471 - Ligustro vulgaris-Prunenion spinosae.jpg,Ligustro vulgaris-Prunenion spinosae,222,,1011,281.1,135.35
472,472 - Clematido vitalbae-Acerion campestris.jpg,Clematido vitalbae-Acerion campestris,222,,1014,65.1,314.85
473,473 - Astrantio-Corylion avellanae.jpg,Astrantio-Corylion avellanae,222,,1013,281.1,314.85
474,474 - Hippophaion fluviatilis.jpg,Hippophaion fluviatilis,222,,1016,65.1,494.35
475,475 - Rubo ulmifolii-Viburnion lantanae.jpg,Rubo ulmifolii-Viburnion lantanae,222,,1015,281.1,494.35
476,476 - Cytision sessilifolii.jpg,Cytision sessilifolii,223,,1024,65.1,117.85
477,477 - Dioscoreo communis-Salicion atrocinereae.jpg,Dioscoreo communis-Salicion atrocinereae,223,,1023,281.1,117.85
478,478 - Lonicerion periclymeni.jpg,Lonicerion periclymeni,223,,1022,65.1,297.35
479,479 - Pruno spinosae-Rubion ulmifolii.jpg,Pruno spinosae-Rubion ulmifolii,223,,1020,281.1,297.35
480,480 - Humulo lupuli-Sambucion nigrae.jpg,Humulo lupuli-Sambucion nigrae,223,,1019,65.1,517.84
481,481 - Lonicero nigrae-Corylion avellanae.jpg,Lonicero nigrae-Corylion avellanae,223,,1021,281.1,517.84
482,482 - Mespilo germanicae-Ilicion aquifolii.jpg,Mespilo germanicae-Ilicion aquifolii,224,,1030,65.1,117.85
483,483 - Pruno spinosae-Rubion radulae.jpg,Pruno spinosae-Rubion radulae,224,,1032,281.1,117.85
484,484 - Rubion grabowski-vestiti.jpg,Rubion grabowski-vestiti,224,,1031,65.1,297.35
485,485 - Rubo idaei-Viburnion opuli.jpg,Rubo idaei-Viburnion opuli,224,,1029,281.1,297.35
486,486 - Salici cinereae-Rhamnion catharticae.jpg,Salici cinereae-Rhamnion catharticae,224,,1028,65.1,476.85
487,487 - Lonicero periclymeni-Viburnenion opuli.jpg,Lonicero periclymeni-Viburnenion opuli,224,,1027,281.1,476.85
488,488 - Salici cinereae-Rhamnenion catharticae.jpg,Salici cinereae-Rhamnenion catharticae,225,,1036,65.1,117.85
489,489 - Salicion arenariae.jpg,Salicion arenariae,225,,1035,281.1,117.85
490,490 - Sambuco-Salicion capreae.jpg,Sambuco-Salicion capreae,225,,1037,65.1,297.35
491,491 - Euphorbion pithyusae.jpg,Euphorbion pithyusae,226,,1043,65.1,137.65
492,492 - Helianthemo italici-Aphyllanthion monspeliensis.jpg,Helianthemo italici-Aphyllanthion monspeliensis,226,,1040,65.1,340.64
493,493 - Rosmarinion officinalis.jpg,Rosmarinion officinalis,226,,1042,281.1,340.64
494,494 - Sedo sediformis-Thymion vulgaris.jpg,Sedo sediformis-Thymion vulgaris,226,,1041,65.1,520.14
495,495 - Epipactido atropurpureae-Pinion mugo.jpg,Epipactido atropurpureae-Pinion mugo,227,,1024,65.1,137.65
496,496 - Pinion mugo.jpg,Pinion mugo,227,,1024,281.1,137.65
497,497 - Pinenion mugo.jpg,Pinenion mugo,227,,1024,65.1,317.15
498,498 - Frankenion pulverulentae.jpg,Frankenion pulverulentae,228,,1049,65.1,137.65
499,499 - Polypogonion subspathacei.jpg,Polypogonion subspathacei,228,,1048,281.1,137.65
500,500 - Saginion maritimae.jpg,Saginion maritimae,228,,1050,65.1,358.14
501,501 - Sileno sedoidis-Catapodion loliacei.jpg,Sileno sedoidis-Catapodion loliacei,228,,754,281.1,358.14
502,502 - Arabidion caeruleae.jpg,Arabidion caeruleae,229,,1054,65.1,137.65
503,503 - Salicion herbaceae.jpg,Salicion herbaceae,229,,1053,65.1,340.64
504,504 - Salicion apennino-purpureae.jpg,Salicion apennino-purpureae,230,,473,65.1,137.65
505,505 - Salicion eleagno-daphnoidis.jpg,Salicion eleagno-daphnoidis,230,,1058,281.1,137.65
506,506 - Salicion triandrae.jpg,Salicion triandrae,230,,1057,65.1,317.15
507,507 - Tamarici-Salicion purpureae.jpg,Tamarici-Salicion purpureae,230,,1059,281.1,317.15
508,508 - Limonion confusi.jpg,Limonion confusi,231,,1063,65.1,137.65
509,509 - Halimionion portulacoidis.jpg,Halimionion portulacoidis,231,,1062,65.1,358.14
510,510 - Salicornion fruticosae.jpg,Salicornion fruticosae,231,,511,281.1,358.14
511,511 - Suaedion verae.jpg,Suaedion verae,231,,1064,65.1,537.64
512,512 - Bellido bernardii-Bellion nivalis.jpg,Bellido bernardii-Bellion nivalis,232,,473,65.1,137.65
513,513 - Caricion fuscae.jpg,Caricion fuscae,232,,1068,281.1,137.65
514,514 - Eriophorion scheuchzeri.jpg,Eriophorion scheuchzeri,232,,1070,65.1,317.15
515,515 - Juncion acutiflori.jpg,Juncion acutiflori,232,,1069,281.1,317.15
516,516 - Caro verticillati-Juncenion acutiflori.jpg,Caro verticillati-Juncenion acutiflori,232,,1072,65.1,496.64
517,517 - Junco subuliflori-Molinienion caeruleae.jpg,Junco subuliflori-Molinienion caeruleae,232,,1071,281.1,496.64
518,518 - Polygono bistortae-Juncenion acutiflori.jpg,Polygono bistortae-Juncenion acutiflori,233,,1078,65.1,100.35
519,519 - Serratulo seoanei-Molinienion caeruleae.jpg,Serratulo seoanei-Molinienion caeruleae,233,,1080,281.1,100.35
520,520 - Molinion caeruleae.jpg,Molinion caeruleae,233,,1079,65.1,320.85
521,521 - Allio angulosi-Molinienion caeruleae.jpg,Allio angulosi-Molinienion caeruleae,233,,1076,281.1,320.85
522,522 - Carici davallianae-Molinienion caeruleae.jpg,Carici davallianae-Molinienion caeruleae,233,,1075,65.1,500.35
523,523 - Deschampsio mediae-Molinienion caeruleae.jpg,Deschampsio mediae-Molinienion caeruleae,233,,1077,281.1,500.35
524,524 - Caricion davallianae.jpg,Caricion davallianae,234,,1088,65.1,170.35
525,525 - Caricenion davallianae.jpg,Caricenion davallianae,234,,1087,281.1,170.35
526,526 - Schoenenion nigricantis.jpg,Schoenenion nigricantis,234,,1084,65.1,349.84
527,527 - Caricion incurvae.jpg,Caricion incurvae,234,,1083,281.1,349.84
528,528 - Hydrocotylo vulgaris-Schoenion nigricantis.jpg,Hydrocotylo vulgaris-Schoenion nigricantis,234,,1086,65.1,529.34
529,529 - Caricenion pulchello-trinervis.jpg,Caricenion pulchello-trinervis,234,,1085,281.1,529.34
530,530 - Hydrocotylo vulgaris-Schoenenion nigricantis.jpg,Hydrocotylo vulgaris-Schoenenion nigricantis,235,,1086,65.1,111.85
531,531 - Caricion lasiocarpae.jpg,Caricion lasiocarpae,235,,1091,65.1,349.84
532,532 - Caricenion chordorrhizo-lasiocarpae.jpg,Caricenion chordorrhizo-lasiocarpae,235,,1093,281.1,349.84
533,533 - Caricenion lasiocarpae.jpg,Caricenion lasiocarpae,235,,1092,65.1,529.34
534,534 - Eriophorenion alpini.jpg,Eriophorenion alpini,235,,1094,281.1,529.34
535,535 - Sphagno fallacis-Caricenion lasiocarpae.jpg,Sphagno fallacis-Caricenion lasiocarpae,236,,1097,65.1,152.85
536,536 - Rhynchosporion albae.jpg,Rhynchosporion albae,236,,1098,281.1,152.85
537,537 - Alysso alyssoidis-Sedion albi.jpg,Alysso alyssoidis-Sedion albi,237,,1101,65.1,137.65
538,538 - Poo perconcinnae-Sedion montani.jpg,Poo perconcinnae-Sedion montani,237,,1105,281.1,137.65
539,539 - Sedion micrantho-sediformis.jpg,Sedion micrantho-sediformis,237,,1103,65.1,317.15
540,540 - Valerianion tuberosae.jpg,Valerianion tuberosae,237,,1102,281.1,317.15
541,541 - Sedion anglici.jpg,Sedion anglici,237,,1104,65.1,537.64
542,542 - Sedion pyrenaici.jpg,Sedion pyrenaici,237,,540,281.1,537.64
543,543 - Sedo albi-Scleranthion biennis.jpg,Sedo albi-Scleranthion biennis,238,,1108,65.1,135.35
544,544 - Sedo albi-Veronicion dillenii.jpg,Sedo albi-Veronicion dillenii,238,,1109,281.1,135.35
545,545 - Echio lycopsis-Galactition tomentosae.jpg,Echio lycopsis-Galactition tomentosae,239,,742,65.1,137.65
546,546 - Hordeion leporini.jpg,Hordeion leporini,239,,1115,281.1,137.65
547,547 - Laguro ovati-Bromion rigidi.jpg,Laguro ovati-Bromion rigidi,239,,1114,65.1,328.64
548,548 - geniculatae.jpg,geniculatae,239,,1113,281.1,328.64
549,549 - Chenopodion muralis.jpg,Chenopodion muralis,239,,1112,65.1,549.14
550,550 - Malvion parviflorae.jpg,Malvion parviflorae,239,,960,281.1,549.14
551,551 - Mesembryanthemion crystallini.jpg,Mesembryanthemion crystallini,240,,617,65.1,117.85
552,552 - Bromo-Hordeion murini.jpg,Bromo-Hordeion murini,240,,1119,65.1,338.35
553,553 - Malvion neglectae.jpg,Malvion neglectae,240,,1118,281.1,338.35
554,554 - Salsolion ruthenicae.jpg,Salsolion ruthenicae,240,,1121,65.1,517.84
555,555 - Sisymbrion officinalis.jpg,Sisymbrion officinalis,240,,1120,281.1,517.84
556,556 - Spartinion glabrae.jpg,Spartinion glabrae,241,,1124,65.1,137.65
557,557 - Rumicion bucephalophori.jpg,Rumicion bucephalophori,242,,1132,65.1,137.65
558,558 - Scleranthion annui.jpg,Scleranthion annui,242,,1131,281.1,137.65
559,559 - Caucalidion lappulae.jpg,Caucalidion lappulae,242,,1129,65.1,340.64
560,560 - Roemerion hybridae.jpg,Roemerion hybridae,242,,1128,281.1,340.64
561,561 - Diplotaxion erucoidis.jpg,Diplotaxion erucoidis,242,,1130,65.1,543.64
562,562 - Panico cruris-galli-Setarion viridis.jpg,Panico cruris-galli-Setarion viridis,242,,1133,281.1,543.64
563,563 - polyspermi.jpg,polyspermi,243,,1138,65.1,111.85
564,564 - Panico cruris-galli-Setarienion viridis.jpg,Panico cruris-galli-Setarienion viridis,243,,1137,281.1,111.85
565,565 - Veronico agrestis-Euphorbion pepli.jpg,Veronico agrestis-Euphorbion pepli,243,,1136,65.1,291.35
566,566 - Trachynion distachyae.jpg,Trachynion distachyae,244,,1143,65.1,137.65
567,567 - Hypochoeridion achyrophori.jpg,Hypochoeridion achyrophori,244,,472,65.1,340.64
568,568 - Onobrychido capitis-galli-Ptilostemonion stellati.jpg,Onobrychido capitis-galli-Ptilostemonion stellati,244,,1142,281.1,340.64
569,569 - Plantagini coronopodis-Catapodion marini.jpg,Plantagini coronopodis-Catapodion marini,244,,1141,65.1,520.14
570,570 - Serapiadion cordigero-neglectae.jpg,Serapiadion cordigero-neglectae,245,,1146,65.1,137.65
571,571 - Cypero-Spergularion salinae.jpg,Cypero-Spergularion salinae,246,,1149,65.1,137.65
572,572 - Salicornion dolichostachyo-fragilis.jpg,Salicornion dolichostachyo-fragilis,246,,1062,65.1,358.14
573,573 - Salicornion europaeo-ramosissimae.jpg,Salicornion europaeo-ramosissimae,246,,1151,281.1,358.14
574,574 - Salicornion patulae.jpg,Salicornion patulae,246,,794,65.1,537.64
575,575 - Thero-Suaedion splendentis.jpg,Thero-Suaedion splendentis,246,,1150,281.1,537.64
576,576 - Allosuro crispi-Athyrion alpestris.jpg,Allosuro crispi-Athyrion alpestris,247,,1154,65.1,137.65
577,577 - Androsacion alpinae.jpg,Androsacion alpinae,247,,1156,281.1,137.65
578,578 - Senecionion leucophylli.jpg,Senecionion leucophylli,247,,1155,65.1,317.15
579,579 - Androsacion ciliatae.jpg,Androsacion ciliatae,247,,1158,65.1,520.14
580,580 - Drabion hoppeanae.jpg,Drabion hoppeanae,247,,1157,281.1,520.14
581,581 - Epilobion fleischeri.jpg,Epilobion fleischeri,248,,1164,65.1,117.85
582,582 - Glaucion flavi.jpg,Glaucion flavi,248,,1163,281.1,117.85
583,583 - Arrhenatherion sardoi.jpg,Arrhenatherion sardoi,248,,473,65.1,338.35
584,584 - Galeopsion pyrenaicae.jpg,Galeopsion pyrenaicae,248,,1161,281.1,338.35
585,585 - Galeopsion segetum.jpg,Galeopsion segetum,248,,1162,65.1,517.84
586,586 - Dryopteridion abbreviatae.jpg,Dryopteridion abbreviatae,249,,1169,65.1,117.85
587,587 - Leontodontion hyoseroidis.jpg,Leontodontion hyoseroidis,249,,1171,65.1,320.85
588,588 - Pimpinello tragii-Gouffeion arenarioidis.jpg,Pimpinello tragii-Gouffeion arenarioidis,249,,1170,281.1,320.85
589,589 - Scrophularion juratensis.jpg,Scrophularion juratensis,249,,1168,65.1,500.35
590,590 - Stipion calamagrostis.jpg,Stipion calamagrostis,249,,1167,281.1,500.35
591,591 - Iberidion spathulatae.jpg,Iberidion spathulatae,250,,540,65.1,117.85
592,592 - Petasition paradoxi.jpg,Petasition paradoxi,250,,1174,281.1,117.85
593,593 - Thlaspion rotundifolii.jpg,Thlaspion rotundifolii,250,,1175,65.1,297.35
594,594 - Galio veri-Geranion sanguinei.jpg,Galio veri-Geranion sanguinei,251,,1181,65.1,137.65
595,595 - Geranion sanguinei.jpg,Geranion sanguinei,251,,1183,281.1,137.65
596,596 - Antherico ramosi-Geranienion sanguinei.jpg,Antherico ramosi-Geranienion sanguinei,251,,1182,65.1,317.15
597,597 - Trifolio medii-Geranienion sanguinei.jpg,Trifolio medii-Geranienion sanguinei,251,,1180,281.1,317.15
598,598 - Knaution dipsacifoliae.jpg,Knaution dipsacifoliae,251,,1179,65.1,537.64
599,599 - Knautienion dipsacifoliae.jpg,Knautienion dipsacifoliae,251,,1178,281.1,537.64
600,600 - Laserpitio latifolii-Teucrienion scorodoniae.jpg,Laserpitio latifolii-Teucrienion scorodoniae,252,,1188,65.1,135.35
601,601 - Trifolion medii.jpg,Trifolion medii,252,,1187,281.1,135.35
602,602 - Agrimonio-Trifolienion medii.jpg,Agrimonio-Trifolienion medii,252,,1190,65.1,314.85
603,603 - Teucrio scorodoniae-Trifolienion medii.jpg,Teucrio scorodoniae-Trifolienion medii,252,,1189,281.1,314.85
604,604 - Scorpidio scorpidioidis-Utricularion minoris.jpg,Scorpidio scorpidioidis-Utricularion minoris,253,,1194,65.1,137.65
605,605 - Sphagno cuspidati-Utricularion minoris.jpg,Sphagno cuspidati-Utricularion minoris,253,,1193,281.1,137.65
606,606 - Abieti-Piceion.jpg,Abieti-Piceion,254,,1197,65.1,137.65
607,607 - Chrysanthemo rotundifolii-Piceion.jpg,Chrysanthemo rotundifolii-Piceion,254,,1199,281.1,137.65
608,608 - Seslerio caeruleae-Pinion uncinatae.jpg,Seslerio caeruleae-Pinion uncinatae,254,,540,65.1,317.15
609,609 - Arctostaphyllo uvae-ursi-Pinenion uncinatae.jpg,Arctostaphyllo uvae-ursi-Pinenion uncinatae,254,,540,281.1,317.15
610,610 - Rhododendro ferruginei-Pinenion uncinatae.jpg,Rhododendro ferruginei-Pinenion uncinatae,254,,540,65.1,496.64
611,611 - Seslerio caeruleae-Pinenion uncinatae.jpg,Seslerio caeruleae-Pinenion uncinatae,254,,1198,281.1,496.64
612,612 - Luzulo luzuloidis-Piceion abietis.jpg,Luzulo luzuloidis-Piceion abietis,255,,1205,65.1,117.85
613,613 - Luzulo luzuloidis-Piceenion.jpg,Luzulo luzuloidis-Piceenion,255,,1204,281.1,117.85
614,614 - Vaccinio vitis-idaeae-Abietenion albae.jpg,Vaccinio vitis-idaeae-Abietenion albae,255,,1203,65.1,297.35
615,615 - Vaccinio-Piceion.jpg,Vaccinio-Piceion,255,,1202,281.1,297.35
616,616 - Vaccinio-Piceenion.jpg,Vaccinio-Piceenion,255,,1202,65.1,476.85
617,617 - Dicrano undulati-Pinion sylvestris.jpg,Dicrano undulati-Pinion sylvestris,256,,993,65.1,117.85
618,618 - Betulion pubescentis.jpg,Betulion pubescentis,256,,1209,65.1,355.84
619,619 - Betulenion pubescentis.jpg,Betulenion pubescentis,256,,1208,281.1,355.84
620,620 - Eriophoro vaginati-Piceion abietis.jpg,Eriophoro vaginati-Piceion abietis,256,,1211,65.1,535.34
621,621 - Eriophoro vaginati-Piceenion abietis.jpg,Eriophoro vaginati-Piceenion abietis,256,,1210,281.1,535.34
622,622 - Vaccinio uliginosi-Betulenion pubescentis.jpg,Vaccinio uliginosi-Betulenion pubescentis,257,,1211,65.1,100.35
623,623 - Sorbo aucupariae-Betulion pubescentis.jpg,Sorbo aucupariae-Betulion pubescentis,257,,1214,281.1,100.35
624,624 - Zosterion marinae.jpg,Zosterion marinae,258,,1217,65.1,137.65
